request_id,effect_logit,effect_OR
NCT01650805,0.0,1.0
NCT00425737,0.0,1.0
NCT00519467,0.0,1.0
NCT01362257,0.0,1.0
NCT00337818,0.0,1.0
NCT01411111,0.0,1.0
NCT00308802,0.0,1.0
NCT00608283,0.0,1.0
NCT00283712,0.0,1.0
NCT03352557,0.0,1.0
NCT03730662,0.0,1.0
NCT04233918,0.0,1.0
NCT00650104,0.0,1.0
NCT00343915,0.0,1.0
NCT00731822,0.0,1.0
NCT00792909,0.0,1.0
NCT00722488,0.0,1.0
NCT01333813,0.0,1.0
NCT01179672,0.0,1.0
NCT00108914,0.0,1.0
NCT01685840,0.0,1.0
NCT02215408,0.0,1.0
NCT02365285,0.0,1.0
NCT02293863,0.0,1.0
NCT02058589,0.0,1.0
NCT00970580,0.0,1.0
NCT00670501,0.0,1.0
NCT01046331,0.0,1.0
NCT00485589,0.0,1.0
NCT00069836,0.0,1.0
NCT00051298,0.0,1.0
NCT01302041,0.0,1.0
NCT04944771,0.0,1.0
NCT00681863,0.0,1.0
NCT02533453,0.0,1.0
NCT02959190,0.0,1.0
NCT03334435,0.0,1.0
NCT01194570,0.0,1.0
NCT00174967,0.0,1.0
NCT00248651,0.0,1.0
NCT01583036,0.0,1.0
NCT02682381,0.0,1.0
NCT03843125,0.0,1.0
NCT00643643,0.0,1.0
NCT00363311,0.0,1.0
NCT00325156,0.0,1.0
NCT04664309,0.0,1.0
NCT00619489,0.0,1.0
NCT00358956,0.0,1.0
NCT01033071,0.0,1.0
NCT01383941,0.0,1.0
NCT02411630,0.0,1.0
NCT00114881,0.0,1.0
NCT02743806,0.0,1.0
NCT00097760,0.0,1.0
NCT00546078,0.0,1.0
NCT00271037,0.0,1.0
NCT00755508,0.0,1.0
NCT02193074,0.0,1.0
NCT01383928,0.0,1.0
NCT00971321,0.0,1.0
NCT00975884,0.0,1.0
NCT00823836,0.0,1.0
NCT00911157,0.0,1.0
NCT02171702,0.0,1.0
NCT03311724,0.0,1.0
NCT02025556,0.0,1.0
NCT02927457,0.0,1.0
NCT00863304,0.0,1.0
NCT00313144,0.0,1.0
NCT02647281,0.0,1.0
NCT02284009,0.0,1.0
NCT00924989,0.0,1.0
NCT00234858,0.0,1.0
NCT02986854,0.0,1.0
NCT03012061,0.0,1.0
NCT02589639,0.0,1.0
NCT00836693,0.0,1.0
NCT00824291,0.0,1.0
NCT00466804,0.0,1.0
NCT01212328,0.0,1.0
NCT00102440,0.0,1.0
NCT00608491,0.0,1.0
NCT01181167,0.0,1.0
NCT01193244,0.0,1.0
NCT01217229,0.0,1.0
NCT01473589,0.0,1.0
NCT01911845,0.0,1.0
NCT00837785,0.0,1.0
NCT03051217,0.0,1.0
NCT01112787,0.0,1.0
NCT00765856,0.0,1.0
NCT01566721,0.0,1.0
NCT00857883,0.0,1.0
NCT01088529,0.0,1.0
NCT01153763,0.0,1.0
NCT00964795,0.0,1.0
NCT01098526,0.0,1.0
NCT00253136,0.0,1.0
NCT01106833,0.0,1.0
NCT00964106,0.0,1.0
NCT01974895,0.0,1.0
NCT04327206,0.0,1.0
NCT02689531,0.0,1.0
NCT01842607,0.0,1.0
NCT03663569,0.0,1.0
NCT02187705,0.0,1.0
NCT00021814,0.0,1.0
NCT01007942,0.0,1.0
NCT00705783,0.0,1.0
NCT00142740,0.0,1.0
NCT01778634,0.0,1.0
NCT02019472,0.0,1.0
NCT02175784,0.0,1.0
NCT01092611,0.0,1.0
NCT00525512,0.0,1.0
NCT00723450,0.0,1.0
NCT00385008,0.0,1.0
NCT00881530,0.0,1.0
NCT01366560,0.0,1.0
NCT01225081,0.0,1.0
NCT00577460,0.0,1.0
NCT00530348,0.0,1.0
NCT00235872,0.0,1.0
NCT04378777,0.0,1.0
NCT02149537,0.0,1.0
NCT03085329,0.0,1.0
NCT00006164,0.0,1.0
NCT02968914,0.0,1.0
NCT01277042,0.0,1.0
NCT01299610,0.0,1.0
NCT01967784,0.0,1.0
NCT00979121,0.0,1.0
NCT01134783,0.0,1.0
NCT00877877,0.0,1.0
NCT01098539,0.0,1.0
NCT01153932,0.0,1.0
NCT03014479,0.0,1.0
NCT03108625,0.0,1.0
NCT02946931,0.0,1.0
NCT00700427,0.0,1.0
NCT00371735,0.0,1.0
NCT00102063,0.0,1.0
NCT00069641,0.0,1.0
NCT00119834,0.0,1.0
NCT04395001,0.0,1.0
NCT01967173,0.0,1.0
NCT00406419,0.0,1.0
NCT04604184,0.0,1.0
NCT00055523,0.0,1.0
NCT00003299,0.0,1.0
NCT03559257,0.0,1.0
NCT01502956,0.0,1.0
NCT01606306,0.0,1.0
NCT03292588,0.0,1.0
NCT00552240,0.007362167778988781,1.0073893351655545
NCT01626820,0.008521495912219911,1.008557907211269
NCT01662310,0.008521495912219911,1.008557907211269
NCT00361335,0.008521495912219911,1.008557907211269
NCT01051531,0.008521495912219911,1.008557907211269
NCT02139943,0.008521495912219911,1.008557907211269
NCT01622231,0.008521495912219911,1.008557907211269
NCT01772160,0.008521495912219911,1.008557907211269
NCT00918255,0.008521495912219911,1.008557907211269
NCT01267071,0.008521495912219911,1.008557907211269
NCT00996593,0.008521495912219911,1.008557907211269
NCT00853385,0.008521495912219911,1.008557907211269
NCT02354950,0.009552935738570672,1.0095987106747464
NCT00734071,0.009552935738570672,1.0095987106747464
NCT02060344,0.009552935738570672,1.0095987106747464
NCT00236418,0.011587174064730515,1.0116545654063378
NCT02411162,0.012330842478312717,1.0124071807655362
NCT01261325,0.013639669339104212,1.0137331139970147
NCT01018186,0.01436862570162147,1.0144723506032365
NCT00115492,0.01436862570162147,1.0144723506032365
NCT00404378,0.01436862570162147,1.0144723506032365
NCT00044577,0.01436862570162147,1.0144723506032365
NCT03313180,0.01436862570162147,1.0144723506032365
NCT02317016,0.01436862570162147,1.0144723506032365
NCT03564444,0.01436862570162147,1.0144723506032365
NCT01412333,0.01436862570162147,1.0144723506032365
NCT01469000,0.01436862570162147,1.0144723506032365
NCT02831517,0.01436862570162147,1.0144723506032365
NCT00765076,0.01436862570162147,1.0144723506032365
NCT00975195,0.01436862570162147,1.0144723506032365
NCT01950364,0.01436862570162147,1.0144723506032365
NCT00054925,0.01436862570162147,1.0144723506032365
NCT00005129,0.01436862570162147,1.0144723506032365
NCT04341727,0.01436862570162147,1.0144723506032365
NCT01000974,0.01475428901908261,1.014863670829521
NCT01466673,0.015297535531419595,1.0154151417579633
NCT01096862,0.015297535531419595,1.0154151417579633
NCT00259870,0.01550853029971375,1.0156294116446387
NCT01334918,0.01550853029971375,1.0156294116446387
NCT01476202,0.01550853029971375,1.0156294116446387
NCT01245049,0.01550853029971375,1.0156294116446387
NCT00558025,0.01550853029971375,1.0156294116446387
NCT01712516,0.01550853029971375,1.0156294116446387
NCT01428479,0.01550853029971375,1.0156294116446387
NCT00849875,0.01550853029971375,1.0156294116446387
NCT02236611,0.01550853029971375,1.0156294116446387
NCT00527033,0.01550853029971375,1.0156294116446387
NCT01641133,0.01550853029971375,1.0156294116446387
NCT01039961,0.01550853029971375,1.0156294116446387
NCT00756067,0.01550853029971375,1.0156294116446387
NCT00459550,0.01550853029971375,1.0156294116446387
NCT01453023,0.01550853029971375,1.0156294116446387
NCT00811356,0.01550853029971375,1.0156294116446387
NCT01685138,0.01550853029971375,1.0156294116446387
NCT00297258,0.01550853029971375,1.0156294116446387
NCT00404183,0.01550853029971375,1.0156294116446387
NCT01225822,0.01807443165079059,1.0182387627613176
NCT00438022,0.018474369327098436,1.018646076250599
NCT02252354,0.018474369327098436,1.018646076250599
NCT00964158,0.018474369327098436,1.018646076250599
NCT01712178,0.018474369327098436,1.018646076250599
NCT00932698,0.018474369327098436,1.018646076250599
NCT00568789,0.018474369327098436,1.018646076250599
NCT01226511,0.01903045027354946,1.0192126834499122
NCT00267969,0.019447186516665056,1.0196375148297172
NCT04115293,0.019447186516665056,1.0196375148297172
NCT04369742,0.019447186516665056,1.0196375148297172
NCT01777269,0.01997733726542349,1.0201782197365576
NCT00707980,0.0201086699769504,1.0203122113069418
NCT00811785,0.0201086699769504,1.0203122113069418
NCT00692198,0.0201086699769504,1.0203122113069418
NCT02113436,0.020510005420142828,1.0207217809423696
NCT01868035,0.020510005420142828,1.0207217809423696
NCT00005485,0.020510005420142828,1.0207217809423696
NCT02951819,0.020510005420142828,1.0207217809423696
NCT00191061,0.020510005420142828,1.0207217809423696
NCT01262911,0.020510005420142828,1.0207217809423696
NCT01169402,0.020510005420142828,1.0207217809423696
NCT01772199,0.020510005420142828,1.0207217809423696
NCT00787202,0.020510005420142828,1.0207217809423696
NCT00233324,0.020510005420142828,1.0207217809423696
NCT00236730,0.020510005420142828,1.0207217809423696
NCT00394706,0.020510005420142828,1.0207217809423696
NCT00034749,0.020510005420142828,1.0207217809423696
NCT02472145,0.020510005420142828,1.0207217809423696
NCT00231621,0.020510005420142828,1.0207217809423696
NCT01358825,0.021861417269809436,1.022102128951597
NCT03368053,0.0226597033104084,1.0229183845725922
NCT00488319,0.022745179935006174,1.0230058239203013
NCT01788228,0.02381903144363956,1.0241049703220457
NCT00144157,0.023845809583016242,1.0241323943148575
NCT00379977,0.02421723205823217,1.024512850754365
NCT00374842,0.02421723205823217,1.024512850754365
NCT01480609,0.02421723205823217,1.024512850754365
NCT00861484,0.02421723205823217,1.024512850754365
NCT00455572,0.026072287206809815,1.026415142475448
NCT02105948,0.026072287206809815,1.026415142475448
NCT01515423,0.026072287206809815,1.026415142475448
NCT00051350,0.028488300665718915,1.0288979733427774
NCT02884635,0.028750854485955896,1.0291681499027046
NCT01309542,0.028750854485955896,1.0291681499027046
NCT01190202,0.029073343053374,1.0295000983869178
NCT02065349,0.029073343053374,1.0295000983869178
NCT00050947,0.029073343053374,1.0295000983869178
NCT02826603,0.029073343053374,1.0295000983869178
NCT01248065,0.03112370956852287,1.0316131164064282
NCT02651194,0.03146320017738336,1.0319633988268573
NCT01263509,0.03146320017738336,1.0319633988268573
NCT02975700,0.03146320017738336,1.0319633988268573
NCT01627782,0.03146320017738336,1.0319633988268573
NCT01961609,0.03192706190507552,1.0324421981917173
NCT00250354,0.03221263904897908,1.0327370821899833
NCT01632241,0.03221263904897908,1.0327370821899833
NCT01959347,0.03236378633947842,1.0328931893990483
NCT00984659,0.03236378633947842,1.0328931893990483
NCT00319111,0.0327387279704521,1.0332805366678737
NCT01998958,0.03310675086882097,1.0336608775485903
NCT02377466,0.03355620481339328,1.0341255649273196
NCT00457392,0.03411086110211282,1.0346993082757012
NCT03329209,0.03486334907469054,1.0354782000770162
NCT00981409,0.03486334907469054,1.0354782000770162
NCT00004984,0.03486334907469054,1.0354782000770162
NCT01376245,0.03486334907469054,1.0354782000770162
NCT00341302,0.03486334907469054,1.0354782000770162
NCT01606319,0.03486334907469054,1.0354782000770162
NCT00939341,0.035696305847799065,1.0363410679731164
NCT01934231,0.035804406122962706,1.0364531027831154
NCT00246233,0.03601853571985657,1.0366750618313665
NCT00146328,0.03601853571985657,1.0366750618313665
NCT00987415,0.03601853571985657,1.0366750618313665
NCT01424930,0.03601853571985657,1.0366750618313665
NCT02014519,0.03601853571985657,1.0366750618313665
NCT00380393,0.03819951744512139,1.0389384985561212
NCT01310413,0.03885210213204774,1.0396167151837608
NCT01617447,0.03885210213204774,1.0396167151837608
NCT00928668,0.03885210213204774,1.0396167151837608
NCT01751360,0.038885815023819464,1.0396517642603633
NCT00605241,0.03920428944052555,1.0399829194789971
NCT00631475,0.03920428944052555,1.0399829194789971
NCT01711723,0.03920428944052555,1.0399829194789971
NCT00972686,0.03920428944052555,1.0399829194789971
NCT00996840,0.03920428944052555,1.0399829194789971
NCT01573767,0.03920428944052555,1.0399829194789971
NCT00604279,0.03920428944052555,1.0399829194789971
NCT02422186,0.03920428944052555,1.0399829194789971
NCT01439360,0.040345305896161456,1.041170234347789
NCT02247479,0.04117777444667134,1.0420373366912508
NCT01449461,0.04165111265685408,1.0425306895313076
NCT00216606,0.04165111265685408,1.0425306895313076
NCT00317538,0.04165111265685408,1.0425306895313076
NCT00207662,0.04165111265685408,1.0425306895313076
NCT04335123,0.04165111265685408,1.0425306895313076
NCT00106340,0.04165111265685408,1.0425306895313076
NCT01052116,0.04165111265685408,1.0425306895313076
NCT01655069,0.04165111265685408,1.0425306895313076
NCT00746941,0.04256942955803475,1.0434885028042513
NCT00985504,0.04266701989959504,1.0435903421728427
NCT02985879,0.04272158992376337,1.0436472924769125
NCT00236639,0.04298943836645593,1.0439268692193489
NCT00320489,0.04298943836645593,1.0439268692193489
NCT00474383,0.04311267607037176,1.0440555282974293
NCT00615992,0.043612178331955034,1.0445771666639585
NCT00140738,0.04367933595975473,1.0446473203441764
NCT00315744,0.043873982525726586,1.0448506771484427
NCT03001440,0.044161702394033796,1.0451513446996126
NCT02927795,0.04481303860106481,1.0458323113572883
NCT01006135,0.04682118277625034,1.047934603568007
NCT00382265,0.047022380419889244,1.0481454667528094
NCT00301249,0.047022380419889244,1.0481454667528094
NCT00286494,0.0473735980442676,1.0485136585675876
NCT02466386,0.0473735980442676,1.0485136585675876
NCT00345878,0.04755832985719443,1.048707370288421
NCT01830816,0.04755832985719443,1.048707370288421
NCT00102713,0.04755832985719443,1.048707370288421
NCT01173562,0.0477143650270682,1.0488710182881817
NCT00190827,0.04804281925423774,1.0492155809913346
NCT00671255,0.04915516427429623,1.0503833200617831
NCT00318708,0.04915516427429623,1.0503833200617831
NCT00920816,0.04915516427429623,1.0503833200617831
NCT01934205,0.04941296036976416,1.0506541396870608
NCT01977573,0.049506609077405506,1.050752536696725
NCT03131453,0.05047484384936057,1.0517704045274692
NCT01751620,0.05047484384936057,1.0517704045274692
NCT00337220,0.050880709278067725,1.0521973684126833
NCT00684671,0.050880709278067725,1.0521973684126833
NCT01892930,0.05164010178117261,1.0529967026718514
NCT01904383,0.05164010178117261,1.0529967026718514
NCT01412385,0.05174146125763951,1.0531034392756473
NCT01509768,0.05174146125763951,1.0531034392756473
NCT00091988,0.052599061754349516,1.0540069686865157
NCT00579501,0.052599061754349516,1.0540069686865157
NCT02719743,0.052599061754349516,1.0540069686865157
NCT02258074,0.05281251932688206,1.0542319784696508
NCT02416180,0.05367347382544067,1.0551400150670456
NCT00835978,0.05377529974946412,1.055247461144359
NCT01140906,0.05377529974946412,1.055247461144359
NCT02555215,0.05523032867190792,1.0567839942996662
NCT00036088,0.05588779738367017,1.0574790251664972
NCT01071083,0.056097400213543286,1.0577006989936226
NCT00042068,0.056551449616252004,1.0581810564089915
NCT00699374,0.056551449616252004,1.0581810564089915
NCT01517984,0.056551449616252004,1.0581810564089915
NCT00877929,0.056551449616252004,1.0581810564089915
NCT00826267,0.056551449616252004,1.0581810564089915
NCT01316913,0.056551449616252004,1.0581810564089915
NCT02509078,0.05904665716214226,1.0608247346571766
NCT00460512,0.05992911049253613,1.0617612761435402
NCT00627458,0.060226587354360754,1.062077172539579
NCT01203332,0.060226587354360754,1.062077172539579
NCT04362137,0.060394605266920004,1.062255635521155
NCT00464555,0.060394605266920004,1.062255635521155
NCT01558271,0.060394605266920004,1.062255635521155
NCT02743117,0.06119991909524276,1.0631114292186528
NCT01648582,0.06242721019864978,1.0644169773976229
NCT01345292,0.06253091071960297,1.0645273637161508
NCT00473746,0.0632213460473223,1.0652626048043878
NCT01934192,0.06400653691971107,1.0660993677446984
NCT00826774,0.06429208983724745,1.0664038389988002
NCT01084655,0.06429208983724745,1.0664038389988002
NCT02090413,0.06429208983724745,1.0664038389988002
NCT00803361,0.0648532409635203,1.0670024206457913
NCT00652743,0.0648532409635203,1.0670024206457913
NCT05776771,0.0648532409635203,1.0670024206457913
NCT02064465,0.06669196899584502,1.0689661527385461
NCT01500408,0.06720851656393453,1.069518467241189
NCT01146951,0.06726947021296492,1.0695836602813293
NCT02807987,0.06753238584003211,1.0698649075105988
NCT02014584,0.06789656801798698,1.0702546041987206
NCT01988857,0.06789656801798698,1.0702546041987206
NCT00962104,0.0688420596287723,1.0712669994785973
NCT01331564,0.06891610117913993,1.0713463206845926
NCT00699972,0.0700325117026901,1.0725430508881706
NCT01144299,0.07053280773034049,1.0730797741650808
NCT00146341,0.07057147971224073,1.0731212730891024
NCT00603993,0.07057147971224073,1.0731212730891024
NCT00655486,0.07057147971224073,1.0731212730891024
NCT00119067,0.07057147971224073,1.0731212730891024
NCT01954264,0.07066748961790871,1.0732243083074235
NCT00820222,0.07066748961790871,1.0732243083074235
NCT02880852,0.07066748961790871,1.0732243083074235
NCT02675517,0.07066748961790871,1.0732243083074235
NCT02885662,0.07066748961790871,1.0732243083074235
NCT01096017,0.07066748961790871,1.0732243083074235
NCT00849381,0.0719119512110367,1.0745607261277743
NCT00158860,0.0740930768028653,1.0769070358954693
NCT02569801,0.07523257930755545,1.0781348735893956
NCT00812773,0.07534681156162155,1.078258038400756
NCT01673555,0.07546966958414975,1.0783905191891263
NCT00097370,0.07546966958414975,1.0783905191891263
NCT01047306,0.07583112609841715,1.0787803809219982
NCT02097524,0.07583112609841715,1.0787803809219982
NCT00321919,0.07583112609841715,1.0787803809219982
NCT01149369,0.07583112609841715,1.0787803809219982
NCT02272465,0.0763793786816269,1.0793719872125744
NCT00549900,0.0763793786816269,1.0793719872125744
NCT00749359,0.0763793786816269,1.0793719872125744
NCT01406340,0.07732174961635736,1.080389635426824
NCT00839254,0.07747545951033201,1.0805557147668288
NCT00345579,0.07747886419870377,1.0805593937285687
NCT00251719,0.07825126472871638,1.081394340792261
NCT00920192,0.07996610851699644,1.0832503540918588
NCT00038727,0.08130081999260103,1.0846971460805703
NCT03231943,0.08175492034172024,1.0851898192863654
NCT01873339,0.08192343857305402,1.0853727089650627
NCT01385202,0.0830409161397458,1.0865862665542352
NCT02640482,0.08482301026266555,1.0885243920019572
NCT02738931,0.08571102829021932,1.0894914506046733
NCT02207231,0.08571102829021932,1.0894914506046733
NCT03158285,0.08571102829021932,1.0894914506046733
NCT01009255,0.08571102829021932,1.0894914506046733
NCT01508936,0.08571102829021932,1.0894914506046733
NCT03088904,0.08771914066568244,1.091681470036215
NCT00103649,0.08841339564992422,1.092439638488653
NCT02207816,0.0891434994755815,1.0932375240822325
NCT02119286,0.0891434994755815,1.0932375240822325
NCT00044213,0.08917457439356752,1.0932714968764807
NCT00463437,0.09255707534263702,1.0969757500403847
NCT00871000,0.09255707534263702,1.0969757500403847
NCT00255151,0.09255707534263702,1.0969757500403847
NCT00196924,0.09255707534263702,1.0969757500403847
NCT00088491,0.09255707534263702,1.0969757500403847
NCT02019225,0.09255707534263702,1.0969757500403847
NCT00196989,0.09361713952832437,1.0981392313190335
NCT02776033,0.09444104358058637,1.0990443655023239
NCT00710762,0.09716075294229425,1.1020375151556976
NCT03629886,0.09716075294229425,1.1020375151556976
NCT00250367,0.09716075294229425,1.1020375151556976
NCT01894360,0.09743710252438802,1.1023421048471411
NCT03215758,0.09774851287039742,1.1026854390395675
NCT01192776,0.09866687548639087,1.1036985692632377
NCT01672983,0.09931396412656411,1.1044129911918117
NCT00249223,0.10112874022811891,1.1064190732387804
NCT00088036,0.10263901077013148,1.1080913278327835
NCT01345682,0.103427677841267,1.108965587679517
NCT00832208,0.103427677841267,1.108965587679517
NCT00157235,0.103427677841267,1.108965587679517
NCT00796549,0.1064211962354133,1.1122902703312987
NCT01145053,0.1064211962354133,1.1122902703312987
NCT01606891,0.10735735200462264,1.1133320348357478
NCT00678301,0.10936396894313397,1.115568308677156
NCT02737007,0.10942893177326292,1.1156407815056844
NCT02273973,0.10973857911200595,1.1159862901948332
NCT04723394,0.11032831875052058,1.1166446256503764
NCT00660010,0.11032831875052058,1.1166446256503764
NCT00735787,0.11032831875052058,1.1166446256503764
NCT01453478,0.11232800396241804,1.1188797974704288
NCT02107872,0.1137075869726813,1.1204244502729392
NCT05396014,0.11388491803997997,1.1206231539541809
NCT00254540,0.1141414738325669,1.120910693198987
NCT01505881,0.1141414738325669,1.120910693198987
NCT01058174,0.1141414738325669,1.120910693198987
NCT00975754,0.11674272008384902,1.1238302535391256
NCT02469298,0.11698026973703994,1.1240972507373896
NCT00945503,0.1174954029861529,1.12467645977859
NCT00424593,0.11779963140725412,1.1250186703746534
NCT01059773,0.11825918886399499,1.1255357999098627
NCT00363415,0.11825918886399499,1.1255357999098627
NCT04497948,0.11825918886399499,1.1255357999098627
NCT02152605,0.11825918886399499,1.1255357999098627
NCT03201211,0.11825918886399499,1.1255357999098627
NCT02849418,0.11825918886399499,1.1255357999098627
NCT01428466,0.11825918886399499,1.1255357999098627
NCT00043875,0.11830339349262779,1.125585554901603
NCT01877668,0.12175755320057205,1.1294802297152458
NCT01779375,0.1219029543700929,1.129644469401629
NCT00670319,0.1234060329985743,1.1313436905729695
NCT04528823,0.12570742315691558,1.13395035213029
NCT02666287,0.12594577549932814,1.1342206640663617
NCT00240942,0.12689423262086583,1.1352969340498742
NCT01431950,0.1283020837696524,1.136896388775594
NCT03086226,0.1283020837696524,1.136896388775594
NCT04381936,0.12845875295812414,1.137074519363623
NCT02466152,0.12898879928131496,1.137677381290065
NCT01231542,0.12898879928131496,1.137677381290065
NCT01159964,0.1299948031947321,1.1388224650706582
NCT00086320,0.13067599130942475,1.139598481675246
NCT01014988,0.13208972124066284,1.1412107055144123
NCT02799472,0.13211479950773342,1.1412393254601367
NCT01227629,0.13274302039279262,1.1419565010880088
NCT00005130,0.13274302039279262,1.1419565010880088
NCT00099905,0.133179288662151,1.1424548091645186
NCT00099944,0.133179288662151,1.1424548091645186
NCT00950833,0.13404941734292156,1.1434493244758572
NCT00089674,0.135164196411424,1.1447247286135123
NCT00000575,0.13693314635108159,1.146751481436753
NCT00210821,0.1374299555476841,1.147321339662631
NCT00082602,0.13761899915163653,1.1475382539260535
NCT03257852,0.1385085358109454,1.1485594854149639
NCT02684357,0.1395672722121322,1.1497761511015772
NCT00349310,0.13996765791806434,1.1502365972093689
NCT00460265,0.13996765791806434,1.1502365972093689
NCT04278586,0.14037803198303972,1.1507087213445735
NCT00731250,0.14037803198303972,1.1507087213445735
NCT01462292,0.14137445987891759,1.1518558910555863
NCT02532179,0.14154014169591514,1.1520467484428984
NCT01671007,0.14154014169591514,1.1520467484428984
NCT02295865,0.14161959226718818,1.1521382828513778
NCT01728623,0.14192543087998558,1.1524907051149769
NCT00387764,0.14192543087998558,1.1524907051149769
NCT02792231,0.14335301100323747,1.154137152876261
NCT00277264,0.14339752384257204,1.1541885279413335
NCT00060905,0.14384694323127803,1.154707359221698
NCT00150579,0.1487482671146703,1.1603808464211038
NCT00216580,0.14979875376247062,1.1616004514838945
NCT03277105,0.1499758301819365,1.1618061617453739
NCT01894386,0.150875938871837,1.1628523843539347
NCT02386436,0.15187805972803364,1.164018287071117
NCT00320385,0.15187805972803364,1.164018287071117
NCT00216502,0.15208835785646851,1.164263103679687
NCT01299597,0.15208835785646851,1.164263103679687
NCT02431754,0.15243902593164832,1.1646714451732358
NCT02951221,0.15512999473194677,1.167809760355122
NCT00354965,0.15563742683672,1.1684024948933425
NCT00207714,0.15565090645814278,1.168418244622793
NCT00106678,0.15599818343265487,1.168824079840285
NCT00488514,0.15913822248458243,1.1725000013440192
NCT01518478,0.15913822248458243,1.1725000013440192
NCT00621582,0.16040842622234522,1.1739902614948925
NCT02201849,0.16040842622234522,1.1739902614948925
NCT01610414,0.1616632165402572,1.1754642977181242
NCT03285646,0.16167529858248395,1.1754784998132002
NCT01563029,0.16172856280565384,1.1755411124298372
NCT03250182,0.16226611530163917,1.1761731973631533
NCT04440163,0.16305589444439292,1.177102481338944
NCT02446613,0.1636743943733137,1.1778307443320735
NCT00483470,0.16406725675863132,1.1782935606333975
NCT03440034,0.1652350604924706,1.1796703800240051
NCT00586339,0.16561009368292604,1.18011287854094
NCT00871117,0.16561009368292604,1.18011287854094
NCT00237991,0.16845758658710663,1.1834780304380106
NCT01641692,0.17018053899644378,1.1855188643869736
NCT00034775,0.17152204730080567,1.1871103150219775
NCT02875834,0.17193153223142377,1.1875965183466337
NCT00940602,0.17218441561532724,1.1878968797495086
NCT01934153,0.1727506044241328,1.1885696441066904
NCT00479726,0.17362442244084933,1.1896086915789195
NCT00550225,0.1772214205609871,1.1938954168556648
NCT01369407,0.1776211622139658,1.1943727619840914
NCT01649765,0.17809476779389888,1.1949385575600824
NCT01619085,0.17853815997878367,1.1954685014557307
NCT00076934,0.17853815997878367,1.1954685014557307
NCT00451321,0.17878216570475278,1.195760238206573
NCT00228163,0.17907673603208824,1.1961125255755116
NCT00341705,0.18335545454281468,1.2012413188864581
NCT01507090,0.18424133686622288,1.202305948835808
NCT00806572,0.18668982685321947,1.2052533898302025
NCT00333554,0.18725732404353995,1.2059375618570451
NCT00394329,0.1882081912522008,1.207084793686432
NCT04676763,0.18948421229945295,1.2086260424127753
NCT00270049,0.19219216554133497,1.211903380659185
NCT02972905,0.19296930298459186,1.2128455622087666
NCT01106092,0.19779383573253012,1.2187111132360762
NCT01594125,0.1990106564872045,1.2201949688226619
NCT03308942,0.19984679362168986,1.2212156458009036
NCT00700310,0.2000898799818196,1.2215125427515123
NCT00647491,0.20227212393421612,1.2241810917641696
NCT00736099,0.20311816622728412,1.2252172389925595
NCT00171223,0.20424055981175504,1.226593186994345
NCT02729051,0.20635621311470245,1.22919097996745
NCT01960179,0.2066944229344916,1.2296067747362447
NCT00796445,0.20734410052689894,1.2304058822582813
NCT04657016,0.2082553761595442,1.2315276321911093
NCT00197054,0.21073464715758905,1.2345847110304105
NCT00006305,0.213995074059516,1.2386165534270002
NCT03653026,0.21552140164093614,1.240508531557193
NCT01263587,0.2176993564636297,1.2432132474014004
NCT01453725,0.21781716689935102,1.2433597195235742
NCT01209078,0.2179864551452782,1.2435702235269728
NCT02283268,0.21989413430651872,1.2459448207926505
NCT00004392,0.21999284782785425,1.2460678184639673
NCT00951977,0.21999284782785425,1.2460678184639673
NCT00695955,0.22423250676519224,1.251361935722808
NCT01323673,0.22454786574966962,1.2517566261833917
NCT00688207,0.22454786574966962,1.2517566261833917
NCT00856544,0.22482717983499897,1.2521063082737822
NCT00734474,0.22626575258672285,1.253908850524347
NCT02993861,0.22655110805150522,1.2542667113235222
NCT02808819,0.22655110805150522,1.2542667113235222
NCT00144248,0.22655110805150522,1.2542667113235222
NCT03820726,0.22741821995318043,1.2553547725840457
NCT02092467,0.22900958759063453,1.2573540939483856
NCT01236391,0.23126947921433336,1.2601987910762469
NCT00454987,0.23144219213495454,1.2604164624868084
NCT01453855,0.2316642579881295,1.2606963890238185
NCT00094367,0.23384327819818884,1.2634464670839427
NCT00113165,0.2420385177310297,1.2738432574232235
NCT00920803,0.24329673432457324,1.275447036886674
NCT01433406,0.24877319552573254,1.282451134427184
NCT02880956,0.2518701489942882,1.2864289823418154
NCT05025787,0.25217647602471793,1.2868231106748338
NCT02783573,0.25485619690254485,1.2902760618369633
NCT02029443,0.2560876849781135,1.2918660002154474
NCT03186209,0.2578269133138535,1.2941148051948017
NCT00478647,0.2603441710540325,1.297376529282612
NCT00933335,0.26069282837356156,1.2978289479706921
NCT02985398,0.260995833359233,1.2982222561966434
NCT01481454,0.2617258861779237,1.2991703730596507
NCT00036439,0.2625860396516068,1.300288339711465
NCT01254188,0.2625860396516068,1.300288339711465
NCT00752427,0.2630336187748225,1.3008704518873915
NCT00402363,0.26375215519019524,1.3018055105753834
NCT00237302,0.264204520748396,1.3023945357691544
NCT00902382,0.2645237149858644,1.3028103189541504
NCT01911065,0.266458404705955,1.3053332924839725
NCT01139580,0.26700014787617327,1.306040639462932
NCT00334334,0.26700014787617327,1.306040639462932
NCT03984812,0.2702084373166976,1.3102375246667377
NCT01776840,0.27125586286519776,1.3116106199066595
NCT04376684,0.27161439112972613,1.3120809536948919
NCT04322682,0.2716362559841655,1.3121096424675938
NCT00811798,0.2716589290367174,1.3121393923357303
NCT00190996,0.2747488721573082,1.3162000988695606
NCT00253123,0.2769810736600627,1.3191414042800522
NCT00558259,0.2769810736600627,1.3191414042800522
NCT00714285,0.2825125551391344,1.3264584288623342
NCT00139815,0.2825125551391344,1.3264584288623342
NCT01429311,0.28570365979519197,1.330698057482328
NCT04354480,0.290552015632243,1.3371654205466263
NCT01357889,0.2909646864421079,1.337717343557072
NCT02053493,0.29306183365461735,1.3405256774707972
NCT04640168,0.2946616368993617,1.342671971165323
NCT01106651,0.2947967729482773,1.3428534268108194
NCT02000804,0.29527595120756683,1.3434970471704861
NCT03391765,0.29797936056742574,1.3471339835116007
NCT00449644,0.2988011649180281,1.3482415191065478
NCT00266617,0.2998526160884538,1.3496598747650155
NCT03205150,0.30406791861538496,1.3553611072133924
NCT00725712,0.3040985519377149,1.3554026270630053
NCT01323959,0.3040985519377149,1.3554026270630053
NCT04353206,0.30561159744384986,1.3574549651658223
NCT00120289,0.3093230305091863,1.3625024292768875
NCT04409353,0.31062799514689865,1.3642816073956705
NCT01214239,0.31062799514689865,1.3642816073956705
NCT01245062,0.31113044547352425,1.3649672633745262
NCT02525874,0.3123522133530331,1.3666359557032686
NCT03951753,0.3123797634322496,1.366673607150756
NCT00092911,0.3184062988617283,1.3749347821936173
NCT00965068,0.3192873730714806,1.3761467356023431
NCT01357850,0.32779804870022045,1.3879086540283903
NCT02173691,0.32973766064900606,1.3906032706480795
NCT00041119,0.3298585531381685,1.3907713943011444
NCT02045797,0.3330451163399396,1.3952102438295086
NCT00073164,0.3343241366819646,1.3969958878068267
NCT02196714,0.33530789486457735,1.3983708701567117
NCT01466361,0.3358958028775292,1.3991932253072603
NCT00548171,0.3437829657649559,1.4102725248719967
NCT00071695,0.34380583964990075,1.410304783652412
NCT01085812,0.34380583964990075,1.410304783652412
NCT00175019,0.3470460792608081,1.4148819205813747
NCT00345956,0.348429500851546,1.4168406533428537
NCT01196988,0.35358224509442315,1.4241601123177199
NCT01132690,0.3556755210931558,1.4271443948729985
NCT00468442,0.3556755210931558,1.4271443948729985
NCT00073411,0.3556755210931558,1.4271443948729985
NCT03325894,0.3556755210931558,1.4271443948729985
NCT01521390,0.3578738516871789,1.4302851810366308
NCT02326272,0.36364117044693844,1.4385579244365023
NCT01123083,0.36406483917509697,1.4391675255680803
NCT00253175,0.36707133751412524,1.443500891207464
NCT00480324,0.3678115590931811,1.444569797281386
NCT01709110,0.37055262159129676,1.44853488517287
NCT01227668,0.3742873290753441,1.453954853948577
NCT00210860,0.3797926050039411,1.4619813503737806
NCT01644734,0.3801392608356754,1.4624882425882695
NCT01446237,0.382397377788759,1.465794443571904
NCT02820844,0.384030036758156,1.468189540673851
NCT00647920,0.38758279586630584,1.473414941235398
NCT02928406,0.38785171259004825,1.4738112204347722
NCT00500955,0.391616382580818,1.4793700903985034
NCT01051063,0.3938152364129827,1.4826265879599516
NCT00408421,0.39435982574263617,1.4834342304764028
NCT00356174,0.3960220443108604,1.4859020728775567
NCT00711126,0.39752420206989814,1.4881358094978665
NCT00703326,0.3976211208904274,1.4882800448547577
NCT00522379,0.39778185877691247,1.4885192870707946
NCT03379675,0.39935779792351295,1.490866952288634
NCT00766090,0.40350786494097984,1.4970670064762994
NCT04504812,0.4037075361035594,1.4973659574308913
NCT00243087,0.4067882869700559,1.5019860819739106
NCT00236587,0.4076828903890376,1.5033303650685794
NCT00527423,0.4081802084403486,1.5040781843328086
NCT00965081,0.4200351649721837,1.5220150762954228
NCT00195767,0.42314861063938564,1.5267611720619076
NCT00363142,0.42345455494133954,1.5272283474041173
NCT03447314,0.4247937189187872,1.5292749266390375
NCT00797420,0.435739554449316,1.5461060658614412
NCT02557399,0.4382250188618452,1.5499536369859797
NCT02585674,0.4452774090680232,1.5609231500134835
NCT00777179,0.4492070157642786,1.5670690316162414
NCT01657526,0.45130966893818875,1.5703675008424471
NCT01827839,0.45130966893818875,1.5703675008424471
NCT00882284,0.45409969920056914,1.5747549914625423
NCT00004578,0.4547443703300844,1.5757705178466976
NCT04366349,0.46235389849428205,1.58780712635678
NCT01156246,0.46235389849428205,1.58780712635678
NCT00373256,0.46235389849428205,1.58780712635678
NCT01255787,0.46235389849428205,1.58780712635678
NCT01084096,0.46261842544004567,1.5882271996842845
NCT01169259,0.46261842544004567,1.5882271996842845
NCT02554786,0.4679091723230494,1.5966523758747297
NCT00860288,0.4699213325785555,1.5998683307505563
NCT00689104,0.4772110131672194,1.6115734714002623
NCT00449670,0.4790294647855961,1.6145067059517284
NCT01669096,0.4828714922351957,1.6207216163167206
NCT00279318,0.48525991529716495,1.6245972116404068
NCT01024920,0.48533052637812085,1.6247119302557937
NCT00435461,0.4897762360078464,1.631951007223798
NCT01702480,0.49414443787637585,1.6390952911399626
NCT01849692,0.4977110765559713,1.6449517896035268
NCT00091650,0.5008650611390784,1.6501481324729377
NCT02513654,0.5027199723963358,1.6532118514049283
NCT00839657,0.5064969439669234,1.6594677923864443
NCT01989754,0.5098669327982732,1.6650696140494166
NCT02195349,0.5098669327982732,1.6650696140494166
NCT04079790,0.5224812194070109,1.6862063112907568
NCT04331899,0.5230982878258423,1.687247137050415
NCT00710021,0.527038754982784,1.6939087953827558
NCT00321373,0.5280261017282162,1.6955820966472797
NCT02573870,0.5284578500863366,1.6963143194901962
NCT00603304,0.5314372382343494,1.7013758346339536
NCT00071760,0.5333824696081575,1.7046886253136924
NCT00798967,0.5389721291402674,1.7142439349221117
NCT00452699,0.54182547223036,1.7191422459662138
NCT01827631,0.5484489572750658,1.7305667521785253
NCT00191399,0.548481391412084,1.7306228825279495
NCT01183689,0.5567884671903556,1.7450591766336387
NCT00805454,0.5602245552730102,1.7510656671795528
NCT00097825,0.5610611202194477,1.7525311602402196
NCT00074477,0.5624633874191532,1.7549904010560746
NCT01031160,0.5629346662267428,1.755817685765179
NCT04184622,0.5697180568766457,1.7677685709732005
NCT02172300,0.5697180568766457,1.7677685709732005
NCT03616912,0.5740417596201095,1.7754284243247718
NCT00107562,0.575113120181645,1.7773315676127155
NCT00088465,0.575113120181645,1.7773315676127155
NCT02171741,0.5797727218494666,1.7856325493644833
NCT00085943,0.58025109447913,1.7864869514477277
NCT00169546,0.58025109447913,1.7864869514477277
NCT00892775,0.5826537556030893,1.7907844348251838
NCT02561806,0.5901049641636951,1.8041777794712417
NCT00656994,0.5923874122189645,1.808300424607276
NCT01230827,0.5923874122189645,1.808300424607276
NCT00551317,0.6002430531351115,1.8225617259025262
NCT02275052,0.602567195104019,1.8268025443237121
NCT03899259,0.6078445604179025,1.8364687322748738
NCT00626392,0.6084798848367261,1.8376358564168698
NCT04426695,0.6084798848367261,1.8376358564168698
NCT01349049,0.6118249737766368,1.8437932044926961
NCT01998633,0.6118249737766368,1.8437932044926961
NCT04340466,0.617450712507481,1.8541951351728738
NCT02219503,0.6191821323830805,1.8574083063546682
NCT02901951,0.6204104620954682,1.8596912179624419
NCT00762411,0.6204104620954682,1.8596912179624419
NCT01327846,0.6204104620954682,1.8596912179624419
NCT01128634,0.6223638909771102,1.8633275429933986
NCT00383591,0.6223638909771102,1.8633275429933986
NCT00937326,0.6268297163488171,1.871667446827133
NCT00495157,0.6539760505580517,1.923172277655101
NCT01147718,0.6540685511972273,1.9233501805479676
NCT00390689,0.6553735414164386,1.9258617721665128
NCT04516746,0.6617551619949702,1.9381911902743192
NCT00420316,0.6624985834272951,1.9396326188731823
NCT02433366,0.6629477957654969,1.9405041215073717
NCT00528567,0.6629477957654969,1.9405041215073717
NCT00134563,0.663013017094689,1.9406306878928483
NCT03330106,0.666213196272125,1.9468510015618823
NCT01473602,0.6678548868903906,1.9500497535484447
NCT00502775,0.671356622362574,1.9568902818132399
NCT01909466,0.6749253729398231,1.9638864114316685
NCT01647542,0.6783074791571889,1.9705397286446527
NCT00144196,0.6828806832880518,1.9795720466467521
NCT02045836,0.6936995763103012,2.001105096697971
NCT01148459,0.6936995763103012,2.001105096697971
NCT00310388,0.6936995763103012,2.001105096697971
NCT01627340,0.6936995763103012,2.001105096697971
NCT02718898,0.7041545834824706,2.022136414553242
NCT00407979,0.7046855813836386,2.02321044987526
NCT00613574,0.7062375174759777,2.026352780912601
NCT00306384,0.7149511629389973,2.044086852626567
NCT00280397,0.7162990255615994,2.0468438585077684
NCT00534638,0.7170989310102667,2.048481795072615
NCT02660736,0.7312297186000124,2.0776339425138124
NCT01323803,0.7316157419087548,2.078436112460844
NCT00319020,0.7326086847289284,2.0805009056170256
NCT03524092,0.7410663109153505,2.0981716253941958
NCT00808444,0.7432703409184377,2.102801158549086
NCT01632007,0.7466730688642178,2.1099686063374197
NCT01856257,0.7466730688642178,2.1099686063374197
NCT03020537,0.7532884770151048,2.123973181770925
NCT04341441,0.7598502727037924,2.137956086146802
NCT03987919,0.761092198284565,2.140612917952961
NCT00132743,0.7644081029974321,2.147722767693626
NCT00619866,0.7647566878788743,2.1484715618815575
NCT00067119,0.7667809060128449,2.1528249415860263
NCT00866996,0.7683278603075525,2.1561578406317583
NCT01086449,0.7733278397818045,2.166965582305496
NCT02563067,0.7735310219835302,2.16740591587603
NCT03527173,0.7735310219835302,2.16740591587603
NCT01458951,0.7848179441279352,2.192007836506436
NCT01355081,0.7984886113265678,2.2221798117575813
NCT00468403,0.7984886113265678,2.2221798117575813
NCT02751905,0.7984886113265678,2.2221798117575813
NCT00632736,0.7984886113265678,2.2221798117575813
NCT00102882,0.8093429441821569,2.246431470785648
NCT00678886,0.8120574377668932,2.2525376784830033
NCT02430532,0.8124114250176848,2.2533351892491083
NCT03570749,0.8136769379101179,2.2561886191274056
NCT01017146,0.8259850431758703,2.2841296238348625
NCT00216528,0.8294841282229773,2.29213598695112
NCT03835481,0.830486678035153,2.2944351197593287
NCT01192191,0.8388316890927864,2.31366232022453
NCT00751881,0.8431153274484422,2.3235944705640112
NCT00370097,0.8652791359429335,2.3756691280755295
NCT01545232,0.8673890684421991,2.380686921317352
NCT01658579,0.8676167880525582,2.3812291121468605
NCT01379937,0.8814619852208737,2.4144269839425396
NCT01652729,0.8866394465249373,2.4269600028367897
NCT00633074,0.8881690866397992,2.4306752189616994
NCT02718326,0.8893255186237181,2.43348775546757
NCT00310843,0.8972042050474408,2.452736168947599
NCT00620022,0.9019193125910319,2.4643283915716654
NCT00363051,0.9029460196991683,2.4668598343508505
NCT04739410,0.9119790349437861,2.4892439627240743
NCT02741596,0.9182519299806882,2.504907806283454
NCT04288895,0.9198311979733876,2.508866852381122
NCT00989287,0.9229404707677975,2.516679743740993
NCT00435409,0.9331075202510579,2.5423974663744326
NCT04626076,0.9387706423634286,2.556836219306503
NCT00723528,0.9395886183533413,2.5589285055473296
NCT00043914,0.945673977891157,2.5745479824002158
NCT01752855,0.9460391035806045,2.5754881876434035
NCT04345692,0.9500492350537544,2.5858369700039643
NCT01808261,0.9506392273473036,2.5873630440303312
NCT00814099,0.9559481010175779,2.6011355534794394
NCT01235338,0.9563420724006593,2.602160528343151
NCT00321464,0.958825224598462,2.6086301181418907
NCT02793622,0.9645882144470862,2.6237070293467624
NCT00004992,0.9653672378213444,2.625751754790878
NCT04889209,0.9708272722773432,2.6401276606009696
NCT00930553,0.9754271101729725,2.65229979332017
NCT01049139,0.97648189747358,2.6550988814213428
NCT01435187,0.9779493697742505,2.6589980257287777
NCT00409617,0.9807306690403986,2.666403789034433
NCT02172521,0.9843293969356902,2.676016737548483
NCT00524576,0.9898467124114142,2.690821971123144
NCT01571453,0.9912126997645376,2.694500111479883
NCT01190176,1.036395835482383,2.819038404486397
NCT01134393,1.0411868108888085,2.832576753203966
NCT00077974,1.0423821882520035,2.8359647759136486
NCT02528357,1.0461389847776503,2.8466389563384396
NCT02771093,1.0526335079480564,2.865186683125441
NCT01021293,1.0558773666570915,2.8744960348481103
NCT00023595,1.0630195316684903,2.895099649478014
NCT04401579,1.0675151413553328,2.9081441871117364
NCT01458067,1.07090131016374,2.9180083456761947
NCT01433484,1.0713998025872198,2.9194633133432153
NCT00579982,1.0785097446316592,2.940294494794879
NCT00686049,1.0824383301000744,2.951868412697058
NCT04400838,1.0837681627121758,2.9557965148591845
NCT01931475,1.0910445392087593,2.9773824415734884
NCT01104701,1.1128412341491918,3.042991976332729
NCT00621322,1.1132279797941524,3.0441690678300595
NCT02262689,1.122257122753861,3.0717797684376063
NCT04340557,1.1354316123162187,3.112516653554837
NCT00660179,1.15358727144277,3.169542549874433
NCT03283267,1.1544004350496637,3.1721209547169056
NCT00688662,1.1558516834014836,3.176727832077246
NCT00903617,1.1615988699039352,3.195037643949588
NCT01349036,1.1649697703200428,3.2058259706449133
NCT02791191,1.1774512456476751,3.2460901639506408
NCT02570126,1.1832129531867284,3.2648471704234296
NCT00434850,1.1883581677582677,3.281688799401607
NCT00377572,1.2066705434994818,3.342337937821148
NCT00727506,1.2080560926753592,3.3469721210994394
NCT00883909,1.2081896014019229,3.3474190009156852
NCT00309634,1.2116348724915678,3.358971656412067
NCT03434379,1.2123045994743957,3.361222003840004
NCT00299871,1.225121730465664,3.404580498736286
NCT02132767,1.227613373023606,3.413074073480819
NCT00332566,1.22808345188536,3.4146788646160067
NCT02113813,1.230496088547677,3.422927190140101
NCT00006400,1.2359807609025883,3.441752402141591
NCT00558571,1.2461287855392673,3.4768572112815956
NCT01323660,1.2594282679492148,3.5234064669892833
NCT01087762,1.2673994064869614,3.551604263026846
NCT03642067,1.2938351650829922,3.6467456424966764
NCT00275210,1.2989486288167775,3.6654409021157592
NCT00532155,1.3060879832284313,3.691703420955015
NCT01044862,1.3130510970210396,3.717498876084181
NCT01178333,1.3219824340040693,3.750849823860429
NCT00831415,1.322284418903196,3.7519826949124924
NCT04562090,1.3433491156355712,3.831855365908886
NCT06110754,1.3701119783308038,3.93579139414637
NCT00699699,1.3709834366062517,3.9392227670592357
NCT00247390,1.3722937976709007,3.9443879545894123
NCT02265705,1.373697757780084,3.9499296071521033
NCT00606684,1.3845647077998806,3.9930873666729294
NCT05782231,1.3941192485020766,4.031422327285609
NCT00014911,1.4034343196949033,4.0691507619909
NCT00493818,1.4050747132200265,4.075831248368882
NCT00283686,1.413896019553616,4.111944453015075
NCT00708214,1.4556464627117658,4.287254119867649
NCT01456130,1.4744072060743576,4.368445417324189
NCT01059864,1.481835253886053,4.4010152541437275
NCT01913405,1.4923573182945293,4.447567503496141
NCT01009827,1.5022354661623198,4.491718941146384
NCT01206062,1.5240472656773862,4.590767703160805
NCT02834390,1.5258005135234267,4.598823516603278
NCT00456625,1.5264485189230659,4.601804544830904
NCT01525602,1.5936502423800714,4.921681509708761
NCT01433419,1.5965835557558568,4.936139538510382
NCT01318902,1.6236368941223056,5.071501330195756
NCT00630825,1.6299798343529734,5.103771796638431
NCT02973087,1.6357149388448124,5.1331265570438385
NCT00891865,1.6427257930232515,5.169240606057205
NCT02039947,1.6917953004895552,5.42921904049775
NCT01023308,1.7019106365851173,5.484416113655699
NCT01322217,1.7056254917659042,5.5048278150527405
NCT02124798,1.7368316777636355,5.679320968365281
NCT01540903,1.7469340218743823,5.7369862097294915
NCT00650091,1.7508335666524473,5.759401520695118
NCT01243671,1.759762628539906,5.811057851390121
NCT01702493,1.7839995922303309,5.953620918725436
NCT00544271,1.7876269313758595,5.975255935992039
NCT04311177,1.7911097858183913,5.9961031655334365
NCT00052910,1.8105543907382937,6.113835946887653
NCT01452347,1.8144066389632332,6.137433382970459
NCT01165203,1.8275714894548605,6.218765966848274
NCT00005487,1.8344034025352463,6.261397497036517
NCT00062790,1.8430169807152443,6.315563480462142
NCT01523587,1.8511408223567916,6.36707908704774
NCT00408993,1.8793353624159121,6.549150603714439
NCT00116844,1.9024902898484037,6.7025650059888955
NCT03888755,1.9551786880281008,7.065181374242325
NCT00367835,1.9623304024299595,7.115890646609494
NCT00358813,1.9779353781707059,7.227804885959072
NCT02349802,1.9957943272176366,7.358045402937007
NCT00289211,2.013254284308896,7.487644666391655
NCT00543855,2.0168209675390654,7.514398405751804
NCT00929331,2.033241444838449,7.6388070434300355
NCT00377585,2.063285157590633,7.871787441871616
NCT01154114,2.1163802819345454,8.301035631800605
NCT01158742,2.129584280183206,8.411369311591299
NCT00038506,2.146541162176898,8.555216057822342
NCT00440947,2.171976002847006,8.775607544950285
NCT02564055,2.227326782824846,9.275038717004053
NCT02149108,2.337548440548081,10.355817514998249
NCT01742234,2.34431132125204,10.426090027919958
NCT00532298,2.3870968722629646,10.881856621880594
NCT02836496,2.3932038712541686,10.948515444802652
NCT00444509,2.4445615651650376,11.525495312297064
NCT00391274,2.531396003184151,12.571043109193983
NCT03464136,2.53343695047395,12.59672614550416
NCT01101568,2.541825995070656,12.702845139043562
NCT00256867,2.542937034129256,12.716966339298297
NCT00044460,2.5641353089251235,12.989421675245687
NCT00387088,2.6212842859115577,13.75337551399886
NCT00956436,2.633053576312391,13.916199264946465
NCT01577680,2.639328297858476,14.00379406941799
NCT00520936,2.6533210216767613,14.20112265476387
NCT00097695,2.738918751693925,15.470248869577249
NCT00306943,2.7994383310605016,16.435412917211913
NCT01499043,2.8132955775701705,16.664747790639936
NCT00017953,2.8397574201492812,17.111614100844697
NCT01328041,2.9066838757227247,18.296025962083487
NCT00129259,2.9430812451659025,18.974220558761964
NCT00000620,2.9470868859434094,19.050376895990137
NCT03444870,3.0756319111854875,21.663567037493127
NCT00274053,3.0810117195832394,21.780426937452514
NCT00140712,3.1139022121558075,22.50870700054571
NCT01114880,3.1256314901361226,22.774272281825997
NCT01117051,3.181879025059565,24.09198048255086
NCT01147926,3.2863883502500353,26.746091492858056
NCT00307541,3.3268916139147535,27.851633381926124
NCT00645905,3.356051775817742,28.675748794382688
NCT00265148,3.4130592946388867,30.357976333951253
NCT01736176,3.432008194761183,30.938711363963453
NCT00878644,3.940938016447398,51.46685542229082
NCT01502423,4.4203830000696005,83.12811733685544
NCT01433393,5.524246150129144,250.69727865746978
